"source,headline,pubDate"
"Yahoo Finance,PNC completes $4.1bn purchase of FirstBank,2026-01-06T11:52:42Z"
"Yahoo Finance,""Stock market today: Dow, S&P 500, Nasdaq futures take a breather after Dow's record rally"",2026-01-05T23:52:17Z"
"Yahoo Finance,Top executives at subprime auto lender charged with fraud. Here’s how prosecutors say they misled banks to earn billions,2026-01-06T11:45:00Z"
"Yahoo Finance,Morning Bid: Swiftly moving on ,2026-01-06T11:06:08Z"
"Yahoo Finance,""HELOC and home equity loan rates today, January 6, 2026: Holding near 7.5%"",2026-01-06T11:00:41Z"
"Yahoo Finance,Verallia appoints Cristina Riesgo as CFO,2026-01-06T11:50:26Z"
"Yahoo Finance,""Best CD rates today, January 6, 2026: Lock in up to 4.1% APY today"",2026-01-06T11:00:39Z"
"Yahoo Finance,""Best money market account rates today, January 6, 2026 (Earn up to 4.1% APY)"",2026-01-06T11:00:24Z"
"Yahoo Finance,""Best high-yield savings interest rates today, January 6, 2026 (Earn up to 4% APY)"",2026-01-06T11:00:12Z"
"Yahoo Finance,""Mortgage and refinance interest rates today, January 6, 2026: Bubbling just above and below 6%"",2026-01-06T11:00:01Z"
"Yahoo Finance,Richard Baker appointed Saks Global CEO as Marc Metrick steps down,2026-01-06T11:44:43Z"
"Yahoo Finance,How to become a millionaire in the US with a 9-to-5 salary (even a mediocre one). Make your biggest jump in 2026,2026-01-06T11:00:00Z"
"Yahoo Finance,Microchip Technology raises Q3 revenue forecast on strong bookings,2026-01-05T21:55:54Z"
"Yahoo Finance,Shaq revealed the 1 concept he used to preserve his fortune as an NBA player,2026-01-06T10:27:00Z"
"Yahoo Finance,""Why Big Oil has a long road ahead in Venezuela, the 'fallen angel of global crude markets'"",2026-01-05T19:26:28Z"
"Yahoo Finance,Stonegate’s Pub Partners confirms £30m pipeline after £12m Q1 investment,2026-01-06T11:38:14Z"
"Yahoo Finance,IDEX Corporation‘s Q4 2025 Earnings: What to Expect,2026-01-06T08:11:27Z"
"Yahoo Finance,""Best high-yield savings interest rates today, January 5, 2026 (Earn up to 4% APY)"",2026-01-05T11:00:45Z"
"Yahoo Finance,""Best money market account rates today, January 5, 2026 (Earn up to 4.1% APY)"",2026-01-05T11:00:22Z"
"Yahoo Finance,""Mortgage and refinance interest rates today, January 5, 2026: Rates barely above 6% but look for even lower offers"",2026-01-05T11:00:23Z"
"Yahoo Finance,Aktis Oncology kicks 2026 IPO cycle off with $210m target,2026-01-06T11:38:08Z"
"Yahoo Finance,""HELOC and home equity loan rates Monday, January 5, 2026: Both options feature lower rates"",2026-01-05T11:00:27Z"
"Yahoo Finance,""Gold price today, Monday, January 5: Gold price rises after U.S. captures Venezuelan president"",2026-01-05T12:18:57Z"
"Yahoo Finance,""Best CD rates today, January 5, 2026 (Lock in up to 4.1% APY)"",2026-01-05T11:00:21Z"
"Yahoo Finance,4 money market accounts with interest rates of 4% APY and higher (updated weekly),2025-04-15T16:01:54Z"
"Yahoo Finance,""Claire’s and The Original Factory Shop face administration, 2,550 jobs at risk"",2026-01-06T11:32:06Z"
"Yahoo Finance,When will mortgage rates go down? The outlook heading into 2026.,2025-04-22T19:06:10Z"
"Yahoo Finance,11 savings accounts with interest rates of 4% APY and higher (updated weekly),2024-06-04T17:53:01Z"
"Yahoo Finance,""Best travel credit cards for January 2026: Earn free flights, hotel stays, and more"",2025-11-12T17:27:58Z"
"Yahoo Finance,Best credit cards with no annual fee for January 2026,2024-11-25T20:47:47Z"
"Yahoo Finance,Is this a good time to buy a house?,2024-01-26T22:46:12Z"
"Yahoo Finance,The best credit cards for Airbnb rentals in January 2026: Earn points and cash back for your stay,2025-04-14T18:32:12Z"
"Yahoo Finance,The best financial habits to start in January — backed by data,2026-01-05T14:00:45Z"
"Yahoo Finance,The best balance transfer credit cards for January 2026: Don't pay any interest until 2027,2025-09-08T19:03:15Z"
"Yahoo Finance,IBM powers digital upgrade for Egypt’s Bank NXT,2026-01-06T11:29:05Z"
"Yahoo Finance,""Mortgage lenders with the best rates this week, January 5, 2026"",2025-11-03T17:08:34Z"
"Yahoo Finance,Student loans will look different in 2026. Here's what's changing.,2025-12-17T22:09:15Z"
"Yahoo Finance,5 best banks and credit unions for military in 2026,2025-02-27T20:25:30Z"
"Yahoo Finance,""Trump accounts explained: How they work, who qualifies"",2025-12-04T20:57:05Z"
"Yahoo Finance,Analyst Report: Chewy Inc,2026-01-05T17:20:12Z"
"Yahoo Finance,CRC Group moves into transactional risk market with Euclid purchase,2026-01-06T11:27:25Z"
"Yahoo Finance,Best credit card sign-up bonuses and welcome offers for January 2026 — Enjoy boosted first-year credit card rewards,2025-07-02T16:24:30Z"
"CNBC,""GM posts 5.5% U.S. sales gain in 2025, Stellantis' Jeep marks first increase in seven years"",""Mon, 05 Jan 2026 19:25:59 GMT"""
"CNBC,""Lucid increases EV deliveries by 55% in 2025, meets lowered guidance"",""Mon, 05 Jan 2026 16:19:39 GMT"""
"CNBC,Comcast spinoff Versant starts trading on Nasdaq in rare media debut,""Mon, 05 Jan 2026 21:02:46 GMT"""
"CNBC,First GLP-1 pill for obesity from Novo Nordisk launches in the U.S. ,""Mon, 05 Jan 2026 14:47:00 GMT"""
"CNBC,Chick-fil-A launches its biggest ever marketing campaign as restaurant industry traffic shrinks,""Mon, 05 Jan 2026 16:53:57 GMT"""
"CNBC,Saks Global announces new CEO as it reportedly prepares for bankruptcy,""Fri, 02 Jan 2026 22:10:21 GMT"""
"CNBC,Behind the mesh curtain: Why airline class wars will intensify in 2026,""Fri, 02 Jan 2026 12:30:01 GMT"""
"CNBC,""Stellantis resurrects $100,000 Ram TRX V-8 pickup truck amid industry deregulation"",""Thu, 01 Jan 2026 15:00:02 GMT"""
"CNBC,""Home prices are getting slightly more affordable, but down payments are still holding buyers back"",""Tue, 30 Dec 2025 17:56:27 GMT"""
"CNBC,These restaurant chains closed locations in 2025,""Tue, 30 Dec 2025 17:10:22 GMT"""
"CNBC,Tech startup Hyphen is bringing AI to the lunch line — with help from Cava and Chipotle,""Tue, 30 Dec 2025 19:19:56 GMT"""
"CNBC,Here’s what to expect for commercial real estate in 2026,""Tue, 30 Dec 2025 15:15:41 GMT"""
"CNBC,""GM's record stock performance beats Tesla, Ford and other automakers in 2025"",""Mon, 29 Dec 2025 21:36:36 GMT"""
"CNBC,Restaurants' hottest menu item in 2025 was 'value.' That won't change next year,""Sun, 28 Dec 2025 13:00:01 GMT"""
"CNBC,""Airlines cancel 1,400 more flights but disruptions from winter storm ease. Here’s what to know"",""Sun, 28 Dec 2025 17:03:54 GMT"""
"CNBC,""Tariffs hit boots, bags and more as leather prices jump — and relief could be years away"",""Fri, 26 Dec 2025 13:16:42 GMT"""
"CNBC,Free streaming service Tubi is rivaling major players for viewership. Here's how it's winning ,""Wed, 24 Dec 2025 16:53:21 GMT"""
"CNBC,Tanger CEO says retailers are 'discounting to meet the consumer' this holiday season,""Tue, 23 Dec 2025 18:27:35 GMT"""
"CNBC,Southwest's profits are down 42% this year but it's the top U.S. airline stock,""Tue, 23 Dec 2025 19:01:55 GMT"""
"CNBC,EV realism is here. How automakers react in 2026 will be telling,""Tue, 23 Dec 2025 12:00:01 GMT"""
"CNBC,""Holiday retail spending rose 4.2% this season, driven by e-commerce and electronics: Visa report"",""Tue, 23 Dec 2025 13:00:17 GMT"""
"CNBC,FDA approves first GLP-1 pill for obesity from Wegovy maker Novo Nordisk,""Tue, 23 Dec 2025 03:09:27 GMT"""
"CNBC,Why Warner Bros. Discovery shareholders might opt for Paramount's offer — and why they might not,""Mon, 22 Dec 2025 18:09:08 GMT"""
"CNBC,Paramount guarantees Larry Ellison backing in amended WBD bid,""Mon, 22 Dec 2025 23:53:35 GMT"""
"CNBC,The NBA is pursuing ownership groups for a potential basketball league in Europe ,""Mon, 22 Dec 2025 17:08:38 GMT"""
"CNBC,""Brick trophies, a life-size pink Cadillac and a team sponsorship: Why Lego is going all in on F1"",""Mon, 22 Dec 2025 13:30:01 GMT"""
"CNBC,Supplements in your stocking: Why wellness gifts are gaining steam for the holidays and beyond,""Mon, 22 Dec 2025 12:00:01 GMT"""
"CNBC,Disney's 'Avatar: Fire and Ash' disappoints with weak $88 million domestic opening,""Sun, 21 Dec 2025 17:11:47 GMT"""
"CNBC,How Build-A-Bear went from a penny stock to a retail winner,""Mon, 22 Dec 2025 14:27:27 GMT"""
"CNBC,""Inside the dealmaking that pushed Trump to reclassify pot, expand access"",""Fri, 19 Dec 2025 22:29:34 GMT"""
"MarketWatch,""Bitcoin’s weakness is saying there will be a handoff to old-economy stocks, these market veterans say"",""Tue, 06 Jan 2026 12:00:00 GMT"""
"MarketWatch,‘He even bragged about his Mercedes-Benz:’ I rejected two egotistical advisers. I managed my life savings and they tripled over 25 years. Did I do OK?,""Tue, 06 Jan 2026 11:20:00 GMT"""
"MarketWatch,Adidas gets hit with rare double downgrade as BofA calls the end of the ‘casualization’ trend,""Tue, 06 Jan 2026 10:49:00 GMT"""
"MarketWatch,‘It’s been a struggle getting payments from her’: I rent a house to our daughter. Do I just gift her the house?,""Tue, 06 Jan 2026 10:14:00 GMT"""
"MarketWatch,""Maduro’s rendition is a Franz Ferdinand moment spelling the end of the 60/40 portfolio, say these strategists"",""Tue, 06 Jan 2026 10:09:00 GMT"""
"MarketWatch,Aubrey Plaza delists $6.5 million home where her husband died,""Tue, 06 Jan 2026 10:04:00 GMT"""
"MarketWatch,""As AMD chases Nvidia, here’s how it’s positioning itself for the future of AI"",""Tue, 06 Jan 2026 04:13:00 GMT"""
"MarketWatch,Manchester United’s stock climbs after football club fires manager Ruben Amorim,""Tue, 06 Jan 2026 02:06:00 GMT"""
"MarketWatch,Under Armour has a new fan — in the firm founded by the ‘Warren Buffett of Canada’,""Tue, 06 Jan 2026 01:20:00 GMT"""
"MarketWatch,New weight-loss pill version of Novo Nordisk’s Wegovy is now available. Here’s how rival stocks Lilly and Viking are reacting.,""Tue, 06 Jan 2026 01:16:00 GMT"""
